// This file is read to define parameters for MKW characters and vehicles, feel free to change this if overhauling them
// Also, use the double forward slashes to create comments, as they won't be read by SlipstreamWii

// First list is for defining characters, assigning values for their filename abbreviation, icon names, and size class
// Second list is for defining vehicles, also assigns filename and size class, but also which animations they use.

##### CHARACTERS #####
Mario | mr | mario | Medium | Simple | 2328
Luigi | lg | luigi | Medium | Simple | 232f
Peach | pc | peach | Medium | Complex | 2338
Daisy | ds | daisy | Medium | Complex | 2337
Yoshi | ys | yoshi | Medium | Simple | 2332
Birdo | ca | catherine | Medium | Simple | 2339
Diddy Kong | dd | didy | Medium | Simple | 233a
Bowser Jr. | jr | koopa_jr | Medium | Simple | 233c
Medium Male Mii Outfit A | ma_mii_m | mii_suit_a | Medium | Simple
Medium Female Mii Outfit A | ma_mii_f | mii_suit_a | Medium | Simple
Medium Male Mii Outfit B | mb_mii_m | mii_suit_b | Medium | Simple
Medium Female Mii Outfit B | mb_mii_f | mii_suit_b | Medium | Simple

Wario | wr | wario | Large | Simple | 2333
Waluigi | wl | waluigi | Large | Simple | 232a
Donkey Kong | dk | donky | Large | Simple | 2331
Bowser | kp | koopa | Large | Simple | 232b
King Boo | kt | teresa | Large | Simple | 233b
Rosalina | rs | roseta | Large | Complex | 233f
Funky Kong | fk | funky,fuky | Large | Simple | 233e
Dry Bowser | bk | hone_koopa | Large | Simple | 233d
Large Male Mii Outfit A | la_mii_m | mii_suit_a | Large | Simple
Large Female Mii Outfit A | la_mii_f | mii_suit_a | Large | Simple
Large Male Mii Outfit B | lb_mii_m | mii_suit_b | Large | Simple
Large Female Mii Outfit B | lb_mii_f | mii_suit_b | Large | Simple

Baby Mario | bmr | baby_mario | Small | Simple | 232e
Baby Luigi | blg | baby_luigi | Small | Simple | 2334
Baby Peach | bpc | baby_peach | Small | Simple | 2329
Baby Daisy | bds | baby_daisy | Small | Simple | 232c
Toad | ko | kinopio | Small | Simple | 2330
Toadette | kk | kinopico | Small | Simple | 2335
Koopa Troopa | nk | noko | Small | Simple | 2336
Dry Bones | ka | karon | Small | Simple | 232d
Small Male Mii Outfit A | sa_mii_m | mii_suit_a | Small | Simple
Small Female Mii Outfit A | sa_mii_f | mii_suit_a | Small | Simple
Small Male Mii Outfit B | sb_mii_m | mii_suit_b | Small | Simple
Small Female Mii Outfit B | sb_mii_f | mii_suit_b | Small | Simple

##### VEHICLES #####
Standard Kart M | mdf_kart | Kart | Medium | DefaultTextures
Standard Bike M | mdf_bike | Bike | Medium | DefaultTextures
Classic Dragster | ma_kart | Kart | Medium | DefaultTextures
Mach Bike | ma_bike | Sport Bike | Medium | UniqueMenuTextures
Wild Wing | mb_kart | Kart | Medium | DefaultTextures
Sugarscoot | mb_bike | Bike | Medium | DefaultTextures
Super Blooper | mc_kart | Kart | Medium | DefaultTextures
Zip Zip | mc_bike | Bike | Medium | DefaultTextures
Daytripper | md_kart | Kart | Medium | DefaultTextures
Sneakster | md_bike | Sport Bike | Medium | DefaultTextures
Sprinter | me_kart | Kart | Medium | DefaultTextures
Dolphin Dasher | me_bike | Sport Bike | Medium | DefaultTextures
Standard Kart M Blue | mdf_kart_blue | Kart | Medium | DefaultTextures
Standard Kart M Red | mdf_kart_red | Kart | Medium | DefaultTextures
Standard Bike M Blue | mdf_bike_blue | Bike | Medium | DefaultTextures
Standard Bike M Red | mdf_bike_red | Bike | Medium | DefaultTextures

Standard Kart L | ldf_kart | Kart | Large | DefaultTextures
Standard Bike L | ldf_bike | Sport Bike | Large | DefaultTextures
Offroader | la_kart | Kart | Large | DefaultTextures
Flame Runner | la_bike | Sport Bike | Large | DefaultTextures
Flame Flyer | lb_kart | Kart | Large | DefaultTextures
Wario Bike | lb_bike | Bike | Large | DefaultTextures
Piranha Prowler | lc_kart | Kart | Large | DefaultTextures
Shooting Star | lc_bike | Bike | Large | DefaultTextures
Jetsetter | ld_kart | Kart | Large | DefaultTextures
Spear | ld_bike | Sport Bike | Large | DefaultTextures
Honeycoupe | le_kart | Kart | Large | DefaultTextures
Phantom | le_bike | Bike | Large | DefaultTextures
Standard Kart L Blue | ldf_kart_blue | Kart | Large | DefaultTextures
Standard Kart L Red | ldf_kart_red | Kart | Large | DefaultTextures
Standard Bike L Blue | ldf_bike_blue | Sport Bike | Large | DefaultTextures
Standard Bike L Red | ldf_bike_red | Sport Bike | Large | DefaultTextures

Standard Kart S | sdf_kart | Kart | Small | DefaultTextures
Standard Bike S | sdf_bike | Bike | Small | DefaultTextures
Booster Seat | sa_kart | Kart | Small | DefaultTextures
Bullet Bike | sa_bike | Bike | Small | DefaultTextures
Mini Beast | sb_kart | Kart | Small | DefaultTextures
Bit Bike | sb_bike | Bike | Small | DefaultTextures
Cheep Charger | sc_kart | Kart | Small | DefaultTextures
Quacker | sc_bike | Bike | Small | DefaultTextures
Tiny Titan | sd_kart | Kart | Small | DefaultTextures
Magikruiser | sd_bike | Bike | Small | DefaultTextures
Blue Falcon | se_kart | Kart | Small | DefaultTextures
Jet Bubble | se_bike | Bike | Small | DefaultTextures
Standard Kart S Blue | sdf_kart_blue | Kart | Small | DefaultTextures
Standard Kart S Red | sdf_kart_red | Kart | Small | DefaultTextures
Standard Bike S Blue | sdf_bike_blue | Bike | Small | DefaultTextures
Standard Bike S Red | sdf_bike_red | Bike | Small | DefaultTextures